SCS-3.0,OSQP,SCS_AA1,SCS_AA2
0.0,0.0,0.14285714285714285,2.857142857142857
