SCS-3.0,OSQP,SCS_AA1,SCS_AA2
224.79912617589173,249.56196211682294,218.8058528664851,205.50526801121737
