SCS-3.0,OSQP,SCS_AA1,SCS_AA2
224.79912617589173,249.56196211682294,219.46891362383153,217.2464144777043
