SCS-3.0,OSQP,SCS_AA1,SCS_AA2
1.0759941109957314,0.9123719335089824,2.697337468608888,0.9847169545854442
