SCS-3.0,OSQP,SCS_AA1,SCS_AA2
1.1793371447294068,1.0,1.318587999488507,1.2183143324514059
