SCS-3.0,OSQP,SCS_AA1,SCS_AA2
1.1793371447294068,1.0,2.956401188531664,1.0792933434484584
