SCS-3.0,OSQP,SCS_AA1,SCS_AA2
1.0759941109957314,0.9123719335089824,1.2030426825950702,1.1115558031203943
