SCS-3.0,OSQP,SCS_AA1,SCS_AA2
1.0759941109957314,0.9123719335089824,1.5400981202555037,2.951299647374883
