SCS-3.0,OSQP,SCS_AA1,SCS_AA2
1.1958760161643158,1.3276082079113636,1.2842917828653493,1.0
