SCS-3.0,OSQP,SCS_AA1,SCS_AA2
224.79912617589173,249.56196211682294,241.41940020589857,187.97862248037916
