SCS-3.0,OSQP,SCS_AA1,SCS_AA2
1.0347656448846136,1.148750660473778,1.0102303145093119,1.0
