SCS-3.0,OSQP,SCS_AA1,SCS_AA2
1.093884980912612,1.2143823101566464,1.064721381519727,1.0
