SCS-3.0,OSQP,SCS_AA1,SCS_AA2
1.1793371447294068,1.0,1.6880156695880446,3.2347549710611823
