SCS-3.0,OSQP,COSMO
1.0,1.2371515649016234,1.4949772182018866
