SCS-3.0,OSQP,COSMO
0.01819609376151554,0.015077267365981584,0.028876933108509917
