SCS-3.0,OSQP,COSMO
1.0403009609433882,1.0,1.9793672573921781
