SCS,OSQP,COSMO
1.0,1.1789244898228384,1.8833500839212378
