SCS,OSQP,COSMO
1.0,1.231792160792785,1.4885009001231975
