SCS-3.0,OSQP,COSMO
1.0,1.0997845487894686,2.106376711261475
