SCS-3.0,OSQP
2153.696353335574,2623.0610370323443
