SCS-3.0,OSQP
0.1466388158237848,0.16289929229400357
