SCS,OSQP,COSMO
144.70166242414942,178.24237342775118,215.38855476766946
