SCS-3.0,OSQP,COSMO
0.011373084336897321,0.010932494310669227,0.02163942128016494
