SCS-3.0,OSQP,COSMO
144.07480739186937,178.24237342775118,215.38855476766946
