SCS-3.0,OSQP,COSMO
1.206856210732913,1.0,1.9152630518222509
