SCS-3.0,OSQP,COSMO
0.013709291863190032,0.015077267365981584,0.028876933108509917
