SCS-3.0_high,SCS_AA1_high,SCS_AA2_high
25.36231884057971,28.26086956521739,32.608695652173914
