SCS-3.0_high,SCS_AA1_high,SCS_AA2_high
1633.0825446053445,1239.5242644673538,1115.5569412683767
