SCS-3.0_high,SCS_AA1_high,SCS_AA2_high
1.463916797244385,1.1111259484953118,1.0
