SCS-3.0_high,SCS_AA1_high,SCS_AA2_high
35.440412291805046,42.914139312786425,51.33140269486155
