SCS-3.0_high,SCS_AA1_high,SCS_AA2_high
1.0,1.2108814919940856,1.4483861607538637
