SCS,OSQP,COSMO
0.052405401335732904,7.141764354800838,999.9999999999986
