SCS,OSQP,COSMO
1.0,136.27916536784898,19082.00251332
