SCS,OSQP,COSMO
1.0,82.53303496988012,10.035534130299242
