SCS,OSQP,COSMO
99.64591690050686,8224.0799441553,999.9999999999986
