SCS,OSQP,COSMO
52.27272727272727,72.72727272727273,88.63636363636364
