SCS,OSQP
52.27272727272727,72.72727272727273
