SCS,OSQP,COSMO
2.608505904717295,1.5229108985489677,1.0
