SCS,OSQP
117.66654693532696,293.9736664555289
