SCS,OSQP
3119.912288095148,1821.4827183118416
