SCS,OSQP,COSMO
1.0,2.4983623137773017,5.097182297135971
