SCS,OSQP,COSMO
117.66654693532696,293.9736664555289,599.7678400038675
