SCS,OSQP,COSMO
3119.912288095148,1821.4827183118416,1196.053373869314
