SCS-3.0,OSQP,SCS_AA1,SCS_AA2
20.689655172413794,41.37931034482759,20.689655172413794,24.137931034482758
