SCS-3.0,OSQP,SCS_AA1,SCS_AA2
199.4945191817989,911.659353067964,200.86863506850162,265.42350084204793
