SCS-3.0,OSQP,SCS_AA1,SCS_AA2
1.0,3.68335658553821,1.0028475226356692,1.3286412350646282
