SCS-3.0,OSQP,SCS_AA1,SCS_AA2
16.34031773006171,60.187216920809576,16.386847154672086,21.710419930217633
