SCS-3.0,OSQP,SCS_AA1,SCS_AA2
1.0,4.569846614368243,1.0068879881629755,1.3304801652228255
