SCS-3.0,OSQP,COSMO,SCS_ALT
17.24137931034483,34.48275862068966,75.86206896551724,17.24137931034483
