SCS-3.0,SCS_AA1,SCS_AA2,OSQP,COSMO
6.896551724137931,6.896551724137931,10.344827586206897,37.93103448275862,75.86206896551724
