SCS-3.0,OSQP,COSMO,SCS_ALT
10.344827586206897,37.93103448275862,75.86206896551724,17.24137931034483
