SCS-3.0,OSQP,COSMO
20.689655172413794,37.93103448275862,75.86206896551724
