SCS-3.0,OSQP,COSMO
17.24137931034483,37.93103448275862,75.86206896551724
