SCS-3.0,OSQP,COSMO
12.405839703667866,43.72139695708105,324.12371076217966
