SCS-3.0,SCS_AA1,SCS_AA2,OSQP,COSMO
35.003728136039946,41.759011332763876,38.072355749414285,1105.6330225733716,943.2191078864056
