SCS-3.0,OSQP,COSMO,SCS_ALT
1.0024587118287291,3.5329245194091694,26.19094275962129,1.0
