SCS-3.0,OSQP,COSMO,SCS_ALT
1.0,25.792561973100568,22.003718049004185,3.0524014167448454
