SCS-3.0,OSQP,COSMO
1.0,3.5329245194091694,26.19094275962129
