SCS-3.0,OSQP,COSMO
1.0,5.716961541499888,4.877158383388074
