SCS-3.0,OSQP,COSMO
12.32222322732543,51.278165574672315,324.12371076217966
