SCS-3.0,OSQP,COSMO
16.188190982719064,51.278165574672315,324.12371076217966
