SCS-3.0,OSQP,COSMO
12.37541213147481,43.72139695708105,324.12371076217966
