SCS-3.0,SCS_AA1,SCS_AA2,OSQP,COSMO
1.0,1.0069502451696266,1.6381197371680056,13.57410655108535,85.80045203083714
