SCS-3.0,OSQP,COSMO
130.84531145151496,1105.6330225733716,943.2191078864056
