SCS-3.0,OSQP,COSMO
193.39521781762772,1105.6330225733716,943.2191078864056
