SCS-3.0,SCS_AA1,SCS_AA2,OSQP,COSMO
1.0,1.1929875346554493,1.0876657366737708,31.58615043164526,26.946247103183968
