SCS-3.0,OSQP,COSMO
130.84531145151496,1235.194945200166,943.2191078864056
