SCS,OSQP,COSMO
1.0,8.463522486426655,6.462911915438762
