SCS-3.0,OSQP,COSMO,SCS_ALT
1.1153885656721614,9.440116206669511,7.208658051426762,1.0
