SCS-3.0,OSQP,COSMO,SCS_ALT
6.162020322711026,51.278165574672315,324.12371076217966,12.32222322732543
