SCS,OSQP,COSMO
1.0,4.660874095256767,81.36185661539587
