SCS-3.0,OSQP,COSMO
1.0,4.161437804580527,26.303996022682956
