SCS,OSQP,COSMO
1.0,3.5242593811811496,26.12670472167639
