SCS-3.0,SCS_AA1,SCS_AA2,OSQP,COSMO
3.7776457243568817,3.8039012883051537,6.188236021097335,51.278165574672315,324.12371076217966
