SCS-3.0,OSQP,COSMO,SCS_ALT
42.86635130416482,1105.6330225733716,943.2191078864056,130.84531145151496
