SCS-3.0,OSQP,COSMO
1.0,3.167627910333643,20.022231706321143
