SCS-3.0,OSQP,COSMO
145.9433642648325,1235.194945200166,943.2191078864056
