SCS-3.0,OSQP,COSMO
1.0,9.440116206669511,7.208658051426762
