SCS-3.0,OSQP,COSMO,SCS_ALT
1.0,8.32164824021744,52.60023397968591,1.9997050613270582
