SCS-3.0,OSQP,COSMO
1.0,8.449924650017486,7.208658051426762
