SCS-3.0,OSQP,COSMO,SCS_ALT
1.46986709339331,1.0155820987272504,1.0,1.3438098967836742
