SCS-3.0,SCS_AA1,SCS_AA2,OSQP
14.332247557003258,11.074918566775244,17.58957654723127,42.01954397394137
