SCS-3.0,SCS_AA1
14.332247557003258,11.074918566775244
