SCS-3.0,SCS_AA1
50.892754355175434,40.726056233636434
