SCS-3.0,SCS_AA1,SCS_AA2,OSQP
50.892754355175434,40.726056233636434,53.810696152851484,122.4927913227682
