SCS-3.0,SCS_AA1,SCS_AA2,OSQP
2144.8729263429213,1926.9539135835855,1895.2688356923006,1497.645513716138
