SCS-3.0,SCS_AA1
2144.8729263429213,1926.9539135835855
