SCS-3.0,SCS_AA1,SCS_AA2,OSQP
1.249636204969489,1.0,1.321284237397094,3.007725339769065
