SCS-3.0,SCS_AA1,SCS_AA2,OSQP
1.4321632901104913,1.2866555509535735,1.2654989570860007,1.0
