SCS-3.0,OSQP,COSMO
1773.3842366337994,3309.9889328347845,1905.9683545251169
