SCS-3.0,OSQP,COSMO
1.3803752690482982,1.0,1.9108612421236866
