SCS-3.0,OSQP,COSMO
1.0,1.8664815353934439,1.0747633339422176
