SCS-3.0,OSQP,COSMO
273.8211763112887,198.36719945009963,379.05219313781447
