SCS,OSQP,COSMO
8.211118201976959,999.9999999999986,999.9999999999986
