SCS,OSQP,COSMO
19010.823475257483,999.9999999999986,999.9999999999986
