SCS,OSQP,COSMO
1.0,121.78609239351013,121.78609239351013
