SCS-3.0,OSQP,SCS_AA1,SCS_AA2
8.677880880075286,16.12711002794997,14.69950194759583,19.878048610740933
