SCS-3.0,OSQP,SCS_AA1,SCS_AA2
944.0462950846289,691.4595663780465,823.9466688707845,705.0185546458752
