SCS-3.0,OSQP,SCS_AA1,SCS_AA2
1.0,1.8584156951241833,1.6939045546645375,2.290657003183994
