SCS-3.0,OSQP,SCS_AA1,SCS_AA2
1.365295009265204,1.0,1.191604988830688,1.019609227968097
