SCS-3.0,SCS_AA1,SCS_AA2
7.971014492753622,11.594202898550725,15.217391304347828
