SCS-3.0,SCS_AA1,SCS_AA2
944.0462950846289,759.9329387518123,862.5446775935943
