SCS-3.0,SCS_AA1,SCS_AA2
1.2422757942762979,1.0,1.1350273604540968
