SCS-3.0,SCS_AA1,SCS_AA2
8.677880880075286,10.420969034689584,15.588947461171706
