SCS-3.0,SCS_AA1,SCS_AA2
1.0,1.2008656466599454,1.7964002590729804
