SCS-3.0,COSMO
35.82575694955838,266.79239992674985
