SCS-3.0,COSMO
0.010201969197044747,0.5728598352947216
