SCS-3.0,COSMO
0.008692913408522074,0.5728598352947216
