SCS-3.0,COSMO,SCS_ALT
0.01284492655160463,0.5728598352947216,0.008377700257492293
