SCS,COSMO
49.74842213275968,266.79239992674985
