SCS-3.0,COSMO
29.186971914063747,266.79239992674985
