SCS-3.0,COSMO,SCS_ALT
1.5332282317115886,68.37912764692257,1.0
