SCS-3.0,COSMO
0.008377700257492293,0.5728598352947216
