SCS-3.0,COSMO,SCS_ALT
49.74842213275968,266.79239992674985,29.186971914063747
