SCS-3.0,COSMO,SCS_ALT
1.7044735671530349,9.140804353129758,1.0
