SCS-3.0,COSMO
0.010992300986991665,0.5728598352947216
