SCS,COSMO
0.01284492655160463,0.5728598352947216
