SCS-3.0,OSQP,SCS_AA1,SCS_AA2
1.365295009265204,1.0,1.1304559102898861,1.1994817252602807
