SCS-3.0,OSQP,SCS_AA1,SCS_AA2
944.0462950846289,691.4595663780465,781.6645535385445,829.3931136268648
