SCS-3.0,OSQP,SCS_AA1,SCS_AA2
1.0,1.8584156951241833,1.1295682618233154,1.6497178370695307
