SCS-3.0,OSQP,SCS_AA1,SCS_AA2
8.677880880075286,16.12711002794997,9.802258822016423,14.316054875824836
