SCS-3.0,OSQP,SCS_AA2,SCS_AA1
7.971014492753622,18.115942028985508,19.565217391304348,15.942028985507244
