SCS-3.0,OSQP,SCS_AA2,SCS_AA1
7.971014492753622,18.115942028985508,11.594202898550725,8.695652173913043
