SCS-3.0,OSQP,SCS_AA2,SCS_AA1
1.1141465001491557,2.0705473425448693,1.3867181302730411,1.0
