SCS-3.0,OSQP,SCS_AA2,SCS_AA1
1.365295009265204,1.0,1.1937694334001725,1.1269038157208366
