SCS-3.0,OSQP,SCS_AA2,SCS_AA1
1.3208029559257413,1.0,1.087377087013095,1.0057625045498648
