SCS-3.0,OSQP,SCS_AA2,SCS_AA1
8.649652339435079,16.36257525950135,21.66851858044314,14.426890630194304
