SCS-3.0,OSQP,SCS_AA2,SCS_AA1
944.0462950846289,714.7518037033417,777.2047342482952,718.8705642242063
