SCS-3.0,OSQP,SCS_AA2,SCS_AA1
8.677880880075286,16.12711002794997,10.800890858732814,7.788814916991203
