SCS-3.0,OSQP,SCS_AA2,SCS_AA1
1.0,1.8917032289149802,2.5051317359488627,1.6679156645891904
