SCS-3.0,OSQP,SCS_AA2,SCS_AA1
944.0462950846289,691.4595663780465,825.4432947742495,779.2084237680957
