SCS,OSQP,COSMO
22.22222222222222,22.22222222222222,55.55555555555556
