SCS-3.0,OSQP,COSMO,SCS_ALT
22.22222222222222,22.22222222222222,55.55555555555556,33.33333333333333
