SCS-3.0,OSQP,COSMO,SCS_ALT
1.5944561551273702,1.0,4.740551187146938,1.4466634831225091
