SCS-3.0,OSQP,COSMO,SCS_ALT
72.18836382948166,45.274599491081666,214.62655636504934,65.49710979674478
