SCS-3.0,OSQP,COSMO,SCS_ALT
1.2272935136956529,1.0,1.0256299137275409,1.2272935136956529
