SCS-3.0,OSQP,COSMO,SCS_ALT
62.94736662176594,48.765137117625876,214.62655636504934,62.48212595474752
