SCS-3.0,OSQP,COSMO,SCS_ALT
749.0439411899962,610.3217631570942,625.9642572928511,749.0439411899962
