SCS,OSQP,COSMO
1.5944561551273702,1.0,4.740551187146938
