SCS-3.0,OSQP,COSMO,SCS_ALT
1.2908272249892634,1.0,4.401229424360089,1.2812867890442927
