SCS-3.0,OSQP,SCS_AA1,SCS_AA2
7.971014492753622,18.115942028985508,6.521739130434782,12.318840579710146
