SCS-3.0,OSQP,SCS_AA1,SCS_AA2
944.0462950846289,691.4595663780465,849.6547570754545,797.7774395946167
