SCS-3.0,OSQP,SCS_AA1,SCS_AA2
1.1778060045729182,2.188853164709817,1.0,1.536734948036823
