SCS-3.0,OSQP,SCS_AA1,SCS_AA2
1.365295009265204,1.0,1.2287844414765345,1.1537586265144566
