SCS-3.0,OSQP,SCS_AA1,SCS_AA2
8.677880880075286,16.12711002794997,7.367835489361386,11.322410287887632
