SCS-3.0,OSQP
20.689655172413794,41.37931034482759
