SCS-3.0,OSQP
199.4945191817989,911.659353067964
