SCS-3.0,OSQP
16.34031773006171,60.187216920809576
