SCS-3.0,OSQP,SCS_AA1,SCS_AA2
18.27956989247312,59.13978494623656,20.43010752688172,24.731182795698924
