SCS-3.0,OSQP,SCS_AA1,SCS_AA2
1.0,8.930137448583205,1.1329638597940375,1.594505071026551
