SCS-3.0,OSQP,SCS_AA1,SCS_AA2
3843.7019461064,1767.8101519957436,2709.0771072792795,3622.0548908102764
