SCS-3.0,OSQP,SCS_AA1,SCS_AA2
2.174273035917974,1.0,1.5324479861261722,2.048893591159215
