SCS-3.0,OSQP,SCS_AA1,SCS_AA2
17.296018518060162,154.45582267951764,19.59576389929059,27.578589235616057
