SCS,COSMO
89.16651738170222,323.31666624997916
