SCS,COSMO
0.08148560702308671,90.80660315465737
