SCS-3.0,OSQP,COSMO
5.797101449275362,17.391304347826086,16.666666666666664
