SCS-3.0,OSQP,COSMO
5.797101449275362,18.115942028985508,16.666666666666664
