SCS-3.0_high,OSQP_high,COSMO_high,SCS_AA1_high,SCS_AA2_high
22.463768115942027,22.463768115942027,27.536231884057973,21.73913043478261,26.811594202898554
