SCS-3.0,OSQP,COSMO
6.521739130434782,17.391304347826086,16.666666666666664
