SCS-3.0,OSQP,COSMO,SCS_AA1,SCS_AA2
5.797101449275362,18.115942028985508,16.666666666666664,13.043478260869565,13.768115942028986
