SCS-3.0,OSQP,COSMO
1.4380913137731495,1.0,1.2413746040126443
