SCS-3.0,OSQP,COSMO,SCS_AA1,SCS_AA2
1.0938507499578904,1.0,1.2788728528841191,1.1961092973788674,1.3970664040113998
