SCS-3.0,OSQP,COSMO
1.0,2.696742846963383,2.4579776401588322
