SCS-3.0,OSQP,COSMO,SCS_AA1,SCS_AA2
5.634824618961039,16.01688964977581,14.598780402206785,11.217368053099989,13.410906001720587
