SCS,OSQP,COSMO
1.0,2.27701628143274,1.9275483093847918
