SCS-3.0,OSQP,COSMO
1.3086396508772624,1.0,1.2413746040126443
