SCS-3.0,OSQP,COSMO
787.7041330700648,601.9259255533162,747.2155574786924
