SCS_AA1,SCS_AA2,SCS-3.0,OSQP,COSMO
698.8587437999059,816.2732906198617,639.111461381792,584.2766587730507,747.2155574786924
