SCS-3.0,OSQP,COSMO,SCS_ALT
865.6244450730875,601.9259255533162,747.2155574786924,787.7041330700648
