SCS-3.0,OSQP,COSMO
1.0,2.7451379915886553,2.323824444235085
