SCS-3.0,OSQP,COSMO
639.111461381792,584.2766587730507,747.2155574786924
