SCS-3.0_high,OSQP_high,COSMO_high,SCS_AA1_high,SCS_AA2_high
1.492293564771842,1.0480771623061087,1.0,1.4221776175923944,1.2164773601614816
