SCS-3.0,OSQP,COSMO
6.282221722223149,17.24556552125828,14.598780402206785
