SCS-3.0,OSQP,COSMO
5.939346299856261,16.01688964977581,14.598780402206785
