SCS_AA1,SCS_AA2,SCS-3.0,OSQP,COSMO
1.1961092973788674,1.3970664040113998,1.0938507499578904,1.0,1.2788728528841191
