SCS,OSQP,COSMO
865.6244450730875,601.9259255533162,747.2155574786924
