SCS-3.0,OSQP,COSMO,SCS_ALT
7.573755911137823,17.24556552125828,14.598780402206785,6.282221722223149
