SCS-3.0_high,OSQP_high,COSMO_high,SCS_AA1_high,SCS_AA2_high
1.138760970570178,1.0,1.429562320517335,1.0972369235550783,1.4735723507475833
