SCS-3.0,OSQP,COSMO,SCS_AA1,SCS_AA2
1.0,2.842482372189436,2.5908136258726255,1.9907217724849564,2.3800041542718535
