SCS-3.0_high,OSQP_high,COSMO_high,SCS_AA1_high,SCS_AA2_high
26.240985787437133,23.043453776167148,32.94205325299145,25.284128329445295,33.9561963502899
