SCS-3.0,OSQP,COSMO
1.348169777523204,1.0,1.2788728528841191
