SCS-3.0,OSQP,COSMO,SCS_ALT
1.205585578800238,2.7451379915886553,2.323824444235085,1.0
