SCS-3.0,OSQP,COSMO
1.0938507499578904,1.0,1.2788728528841191
