SCS_AA1,SCS_AA2,SCS-3.0,OSQP,COSMO
1.9907217724849564,2.3800041542718535,1.0,2.842482372189436,2.5908136258726255
