SCS-3.0,OSQP,COSMO
787.7041330700648,584.2766587730507,747.2155574786924
