SCS-3.0_high,OSQP_high,COSMO_high,SCS_AA1_high,SCS_AA2_high
1581.0537278354382,1110.415767809473,1059.4790228671707,1506.7673526303506,1288.8322448839217
