SCS-3.0,OSQP,COSMO
1.0,2.842482372189436,2.5908136258726255
