SCS-3.0,OSQP,COSMO
5.634824618961039,16.01688964977581,14.598780402206785
