SCS-3.0,OSQP,COSMO
20.454545454545457,61.36363636363637,85.22727272727273
