SCS-3.0,SCS_AA1,SCS_AA2,OSQP,COSMO
20.454545454545457,20.43010752688172,35.483870967741936,60.22727272727273,85.22727272727273
