SCS-3.0,OSQP,COSMO
21.59090909090909,61.36363636363637,85.22727272727273
