SCS-3.0,OSQP,COSMO,SCS_ALT
21.59090909090909,61.36363636363637,85.22727272727273,20.454545454545457
