SCS-3.0,OSQP,COSMO
20.454545454545457,60.22727272727273,85.22727272727273
