SCS-3.0,OSQP,COSMO
12.903225806451612,61.29032258064516,65.59139784946237
