SCS-3.0,OSQP,COSMO
3265.4250270147386,1715.3031801967743,1654.9568978290067
