SCS-3.0,SCS_AA1,SCS_AA2,OSQP,COSMO
1.0,1.0571095295158532,2.6860785472431625,8.441625723101666,27.315764591352156
