SCS-3.0,OSQP,COSMO
1.0,8.679651616608504,26.33754109740693
