SCS-3.0,OSQP,COSMO
1.0,8.441625723101666,27.315764591352156
