SCS-3.0,OSQP,COSMO,SCS_ALT
10.504051653925895,165.73549233598493,206.54919222564803,43.05053952201822
