SCS-3.0,SCS_AA1,SCS_AA2,OSQP,COSMO
18.575742254392406,19.63659415494851,49.89590276864178,156.80946364038547,507.4106025306162
