SCS-3.0,OSQP,COSMO
2.5913272966467367,1.558722900318663,1.0
