SCS,OSQP,COSMO
20.732645315081346,167.21937861438286,507.4106025306162
