SCS-3.0,SCS_AA1,SCS_AA2,OSQP,COSMO
2.5913272966467367,3.6969815846015637,2.364187534118352,1.558722900318663,1.0
