SCS-3.0,SCS_AA1,SCS_AA2,OSQP,COSMO
2700.168573590613,3852.262701358497,2463.488456267869,1624.192588802971,1042.0021342285556
