SCS-3.0,OSQP,COSMO
2700.168573590613,1541.9131668860273,1042.0021342285556
