SCS-3.0,OSQP,COSMO,SCS_ALT
2.536952551509441,1.479760085162954,1.0,2.5913272966467367
