SCS-3.0,OSQP,COSMO
2700.168573590613,1624.192588802971,1042.0021342285556
