SCS-3.0,OSQP,COSMO,SCS_ALT
2643.5099731094174,1541.9131668860273,1042.0021342285556,2700.168573590613
