SCS-3.0,OSQP,COSMO,SCS_ALT
1.9731178686879183,1.036463960147198,1.0,1.7111802980703146
