SCS-3.0,OSQP,COSMO
2643.5099731094174,1541.9131668860273,1042.0021342285556
