SCS,OSQP,COSMO
2.536952551509441,1.479760085162954,1.0
