SCS-3.0,OSQP,COSMO
18.575742254392406,156.80946364038547,507.4106025306162
