SCS-3.0,OSQP,COSMO
1.9731178686879183,1.036463960147198,1.0
