SCS-3.0,OSQP,COSMO
10.504051653925895,165.73549233598493,206.54919222564803
