SCS-3.0,OSQP,COSMO
19.265678624060065,167.21937861438286,507.4106025306162
