SCS-3.0,OSQP,COSMO
2.5913272966467367,1.479760085162954,1.0
