SCS-3.0,OSQP,COSMO,SCS_ALT
20.732645315081346,167.21937861438286,507.4106025306162,19.265678624060065
