SCS-3.0,OSQP,COSMO,SCS_ALT
1.0761440445284522,8.679651616608504,26.33754109740693,1.0
