SCS-3.0,OSQP,COSMO
1.0,15.778244223888713,19.66376394849983
