SCS,OSQP,COSMO
1.0,8.065510988737365,24.473992335243175
