SCS-3.0,OSQP,SCS_AA1,SCS_AA2
8.677880880075286,16.12711002794997,8.478061079629594,10.782645209030807
