SCS-3.0,OSQP,SCS_AA1,SCS_AA2
944.0462950846289,691.4595663780465,753.2444263217774,737.218784561173
