SCS-3.0,OSQP,SCS_AA1,SCS_AA2
1.0235690446870926,1.9022167776897596,1.0,1.2718291491127003
