SCS-3.0,OSQP,SCS_AA1,SCS_AA2
1.365295009265204,1.0,1.0893542629938116,1.0661777208793555
