SCS-3.0,SCS_AA1,SCS_AA2
1.1233325938812955,1.0,1.374250835189599
