SCS-3.0,SCS_AA1,SCS_AA2
39.99499924982492,39.99499924982492,39.99499924982492
