SCS-3.0,SCS_AA1,SCS_AA2
0.014522549385370453,0.012928094016388059,0.017766443999430948
