SCS-3.0,OSQP
9.183673469387756,30.612244897959183
