SCS-3.0,OSQP
1133.8359482374065,686.9456850270936
