SCS-3.0,OSQP
10.899854865292166,35.56732260932582
