SCS,OSQP,COSMO
24.637681159420293,36.231884057971016,36.231884057971016
