SCS,OSQP,COSMO
1.0,1.0445553307202424,1.3048169779350172
