SCS,OSQP,COSMO
1.0,1.8177540668924643,1.9015714622527702
