SCS,OSQP,COSMO
27.596271589588703,50.16323491304384,52.47628251933877
