SCS,OSQP,COSMO
743.073852986502,776.1817542558804,969.5753792363766
