SCS-3.0,COSMO
1891.6809057656465,2328.5055654144517
