SCS-3.0,COSMO
69.27687271687903,136.24966748352645
