SCS-3.0,OSQP,COSMO,SCS_ALT
920.0842634351451,635.7180941497182,625.9642572928511,841.1769639829756
