SCS,OSQP,COSMO
0.012860043689434164,0.036512423454384546,0.11748215039424359
