SCS,OSQP,COSMO
1.0,1.356316202504356,1.6920122879300246
