SCS,OSQP,COSMO
149.7796018676793,203.14850081778513,253.42892684138025
