SCS,OSQP,COSMO
1.0,2.8392145731497958,9.1354394457281
