SCS-3.0,OSQP
18.27956989247312,59.13978494623656
