SCS-3.0,OSQP
3843.7019461064,1767.8101519957436
