SCS-3.0,OSQP
17.296018518060162,154.45582267951764
