SCS-3.0,OSQP,COSMO
148.54215388064605,3956.8982322594347,999.9999999999986
