SCS-3.0,OSQP,COSMO
1.0,26.638217697037106,6.732095730909496
