SCS,OSQP,COSMO
1.0,1.2653895315403854,4172.506858526454
