SCS-3.0,OSQP,COSMO
1.0,25.183371301719546,6.364422288247609
