SCS-3.0,OSQP,COSMO
157.08461937574495,3956.8982322594347,999.9999999999986
