SCS-3.0,OSQP,COSMO
1.0,18.534414600689605,4.6840766460921115
