SCS-3.0,OSQP,COSMO
1.0,25.189596842670962,6.365995626904808
