SCS-3.0,OSQP,COSMO
1.0,15.794473501901615,27474.79779863001
