SCS,OSQP,COSMO
0.04518871794107682,0.5748713281773146,999.9999999999986
