SCS-3.0,OSQP,COSMO
0.024743234418439286,0.5748713281773146,999.9999999999986
