SCS-3.0,OSQP,COSMO
1.0,23.233475400002913,40415.08814444943
