SCS-3.0,OSQP,COSMO
0.03639699215729486,0.5748713281773146,999.9999999999986
