SCS,OSQP,COSMO
1.0,12.721567558674929,22129.417375901976
