SCS-3.0,OSQP,COSMO
0.019510891744227266,0.5748713281773146,999.9999999999986
