SCS-3.0,OSQP,COSMO
1.0,29.464123716815923,51253.42363174513
