SCS-3.0,OSQP,COSMO
213.48924784018868,3956.8982322594347,999.9999999999986
