SCS-3.0,OSQP,COSMO
157.12345201332332,3956.8982322594347,999.9999999999986
