SCS,OSQP,COSMO
1.5858781612955406,1.0,50.930759501172304
