SCS-3.0,OSQP,SCS_AA2
7.971014492753622,18.115942028985508,15.942028985507244
