SCS-3.0,OSQP,SCS_AA2
1.0,1.8584156951241833,1.8517152776983112
