SCS-3.0,OSQP,SCS_AA2
944.0462950846289,691.4595663780465,774.4794871925136
