SCS-3.0,OSQP,SCS_AA2
1.365295009265204,1.0,1.1200647512179722
