SCS-3.0,OSQP,SCS_AA2
8.677880880075286,16.12711002794997,16.068964603681472
