SCS-3.0,SCS_AA1,SCS_AA2
25.49019607843137,23.52941176470588,23.52941176470588
