SCS-3.0,SCS_AA1,SCS_AA2
1.1615181534215442,1.0160898814898636,1.0
