SCS-3.0,SCS_AA1,SCS_AA2
2460.603769814667,2481.6364125938003,2056.849751015948
