SCS-3.0,SCS_AA1,SCS_AA2
1.1962972835518446,1.2065229418765446,1.0
