SCS-3.0,SCS_AA1,SCS_AA2
50.70039761056619,44.35243723729616,43.650112106483576
