SCS-3.0,SCS_AA1,SCS_AA2
37.254901960784316,27.450980392156865,27.450980392156865
