SCS-3.0,SCS_AA1,SCS_AA2
82.724710241559,51.09021458987861,50.25712047768374
