SCS-3.0,SCS_AA1,SCS_AA2
2063.9902036755807,2296.924966016616,2138.3936299561487
