SCS-3.0,SCS_AA1,SCS_AA2
1.6460296462526582,1.0165766383803228,1.0
