SCS-3.0,SCS_AA1,SCS_AA2
1.0,1.1128565251551203,1.036048342743134
