SCS,OSQP,COSMO
1.0,3.8778430190183855,24.642326098489608
