SCS,OSQP,COSMO
13.101801932631503,50.806731161016664,322.85887570172684
