SCS,OSQP,COSMO
181.39446956443226,1110.8849284488476,1134.9230600750072
