SCS,OSQP,COSMO
1.0,6.124138906309134,6.256657453781283
