name,solver,status,run_time,iter,obj_val,n,m,N
infd1,SCS-3.0,dual infeasible,0.012155294418334961,25,-inf,465,10,4650
infd2,SCS-3.0,dual infeasible,0.015470743179321289,45,-inf,465,10,4650
infp1,SCS-3.0,primal infeasible,0.0034852027893066406,25,inf,465,10,4650
infp2,SCS-3.0,primal infeasible,0.003665924072265625,25,inf,465,10,4650
