SCS-3.0,OSQP,SCS_AA1,SCS_AA2
38.88888888888889,27.77777777777778,27.77777777777778,33.33333333333333
