SCS-3.0,OSQP,SCS_AA1,SCS_AA2
92.30709706139355,64.90549961721462,71.14590656397627,89.48616381147038
