SCS-3.0,OSQP,SCS_AA1,SCS_AA2
1.0289755865834378,1.0,1.6308060039477361,1.3425748237385804
