SCS-3.0,OSQP,SCS_AA1,SCS_AA2
848.2426360947265,824.356425122963,1344.3654074834203,1106.7601821572282
