SCS-3.0,OSQP,SCS_AA1,SCS_AA2
1.4221768202352967,1.0,1.0961460428402054,1.3787146596085416
