SCS-3.0,OSQP
38.88888888888889,27.77777777777778
