SCS-3.0,OSQP
92.30709706139355,64.90549961721462
