SCS-3.0,OSQP
848.2426360947265,824.356425122963
