SCS-3.0,OSQP,COSMO
142.99039356432195,178.24237342775118,215.38855476766946
