SCS-3.0,OSQP,COSMO
1.0,1.2465339033252727,1.506314860730699
