SCS,OSQP,COSMO
1.0,1.1556545044814308,1373.8258841226545
