SCS-3.0,OSQP,COSMO
0.012796614719830401,0.010932494310669227,0.02163942128016494
