SCS-3.0,OSQP,COSMO
1.170511902973683,1.0,1.9793672573921781
