SCS-3.0,OSQP,COSMO
1.0,20.66793785830554,26.65729816358293
