SCS-3.0,OSQP,COSMO
262.86509736452314,2333.634403766505,2620.5175829264163
