SCS-3.0,OSQP,COSMO
0.041719107581000614,0.8622479229880842,1.1121186899053264
