SCS-3.0,OSQP,COSMO
353.5065956097804,2333.634403766505,2620.5175829264163
