SCS-3.0,OSQP,COSMO
274.45126610653915,2333.634403766505,2620.5175829264163
