SCS-3.0,OSQP,COSMO
1.0,29.911493220978763,38.57954280567941
