SCS-3.0,OSQP,COSMO
1.0,8.632376532536362,9.69358972829761
