SCS,OSQP,COSMO
1.0,19.915381834558506,31.053674723416705
