SCS-3.0,OSQP,COSMO
1.0,31.74165148205682,40.94006250467283
