SCS-3.0,OSQP,COSMO
270.33510354544705,2333.634403766505,2620.5175829264163
