SCS-3.0,OSQP,COSMO
1.0,8.5029099587415,9.548207301434559
