SCS-3.0,OSQP,COSMO
1.0,6.601388581565522,7.412924158900516
