SCS-3.0,OSQP,COSMO
0.06289775404036213,0.8622479229880842,1.1121186899053264
