SCS-3.0,OSQP,COSMO
0.0271645576940287,0.8622479229880842,1.1121186899053264
