SCS,OSQP,COSMO
1.0,13.70872356483144,17.681373633654207
