SCS-3.0,OSQP,COSMO
0.028826642542316705,0.8622479229880842,1.1121186899053264
