SCS,OSQP,COSMO
1.0,8.877688316796132,9.969058689037228
