SCS-3.0_high,OSQP_high,COSMO_high,SCS_AA1_high,SCS_AA2_high
50.0,22.22222222222222,44.44444444444444,55.55555555555556,55.55555555555556
