SCS-3.0_high,OSQP_high,COSMO_high,SCS_AA1_high,SCS_AA2_high
1.1049392530733013,1.3736398484599048,1.3688363127906134,1.0194316015019536,1.0
