SCS-3.0_high,OSQP_high,COSMO_high,SCS_AA1_high,SCS_AA2_high
145.5207865144291,60.850533150720224,130.17389583444984,183.60981807145617,205.49361900238674
