SCS-3.0_high,OSQP_high,COSMO_high,SCS_AA1_high,SCS_AA2_high
2.3914463683332037,1.0,2.139240021316216,3.017390457642736,3.3770224903929953
