SCS-3.0_high,OSQP_high,COSMO_high,SCS_AA1_high,SCS_AA2_high
906.1034464047437,1126.4508861880747,1122.5117554053036,835.9830505845454,820.0482007354599
